<?xml version="1.0" encoding="utf-8" ?>
<dwsync>
<file name="as_pointer.gif" server="C:/wamp/www/autosuggest/" local="128148995180000000" remote="128148995180000000" />
<file name="ul_corner_tr.gif" server="C:/wamp/www/autosuggest/" local="128149077800000000" remote="128149077800000000" />
<file name="ul_corner_br.gif" server="C:/wamp/www/autosuggest/" local="128149077800000000" remote="128149077800000000" />
<file name="ul_corner_tl.gif" server="C:/wamp/www/autosuggest/" local="128149077800000000" remote="128149077800000000" />
<file name="ul_corner_bl.gif" server="C:/wamp/www/autosuggest/" local="128149077800000000" remote="128149077800000000" />
<file name="hl_corner_br.gif" server="C:/wamp/www/autosuggest/" local="128149126680000000" remote="128149126680000000" />
<file name="hl_corner_bl.gif" server="C:/wamp/www/autosuggest/" local="128149126680000000" remote="128149126680000000" />
<file name="hl_corner_tl.gif" server="C:/wamp/www/autosuggest/" local="128149126680000000" remote="128149126680000000" />
<file name="hl_corner_tr.gif" server="C:/wamp/www/autosuggest/" local="128149126680000000" remote="128149126680000000" />
<file name="as_pointer.gif" server="C:/wamp/www/zonacomSistema/sistema/" local="128148995180000000" remote="128148995180000000" />
<file name="ul_corner_tr.gif" server="C:/wamp/www/zonacomSistema/sistema/" local="128149077800000000" remote="128149077800000000" />
<file name="ul_corner_br.gif" server="C:/wamp/www/zonacomSistema/sistema/" local="128149077800000000" remote="128149077800000000" />
<file name="ul_corner_tl.gif" server="C:/wamp/www/zonacomSistema/sistema/" local="128149077800000000" remote="128149077800000000" />
<file name="ul_corner_bl.gif" server="C:/wamp/www/zonacomSistema/sistema/" local="128149077800000000" remote="128149077800000000" />
<file name="hl_corner_br.gif" server="C:/wamp/www/zonacomSistema/sistema/" local="128149126680000000" remote="128149126680000000" />
<file name="hl_corner_bl.gif" server="C:/wamp/www/zonacomSistema/sistema/" local="128149126680000000" remote="128149126680000000" />
<file name="hl_corner_tl.gif" server="C:/wamp/www/zonacomSistema/sistema/" local="128149126680000000" remote="128149126680000000" />
<file name="hl_corner_tr.gif" server="C:/wamp/www/zonacomSistema/sistema/" local="128149126680000000" remote="128149126680000000" />
</dwsync>